Title,URL,Column3
5 Best Web Scraping Tools in 2019! - YouTube,https://www.youtube.com/watch?v=QbkXCkcmHJI,8 Nis 2019 - Octoparse tarafından yüklendi
Web Scraping Tutorial - How to Scrape Modern Websites for ...,https://www.youtube.com/watch?v=vsmxMLmroyQ,10 Mar 2017 - Fullstack Academy tarafından yüklendi
Web Scraping Explained - WebHarvy,https://www.webharvy.com/articles/what-is-web-scraping.html,14 Oca 2017
"Data Scraping from websites into Excel | Web Scraping, Lead ...",https://www.youtube.com/watch?v=YQbe20G0ZSM,6 Oca 2018 - Video Editing & Video Marketing Services tarafından yüklendi
Data Scraping and Mining From Websites Free No Coding ...,https://www.youtube.com/watch?v=CKRjXZSgg-g,21 Şub 2017 - Just2 Techno tarafından yüklendi
Automate Web Data Extraction and Data Scraping ...,https://www.helpsystems.com/product-lines/automate/data-scraping-extraction,6 Eyl 2015
Extract Data from any Website using Data Scraper - Easy Web ...,https://www.youtube.com/watch?v=B7yyemwCf7g,11 Kas 2017 - ITfriend tarafından yüklendi
PDF Data Scraping - YouTube,https://www.youtube.com/watch?v=SC1kZivH_Sg,9 Eki 2018 - Team PDFix tarafından yüklendi
Web Scraping Tool to Extract Data from Websites - Agenty,https://www.agenty.com/products/scraping-agent/,30 Eki 2019 - Agenty tarafından yüklendi
What is DATA SCRAPING? What does DATA SCRAPING ...,https://www.youtube.com/watch?v=omTtMylcWOI,21 Eyl 2017 - The Audiopedia tarafından yüklendi
Data Scraping - YouTube,https://www.youtube.com/watch?v=OWW1QZUFH8A,9 Eki 2018 - The American College of Trust and Estate Counsel tarafından yüklendi
Web Scraper | web scraper tutorial | Data Scraper - YouTube,https://www.youtube.com/watch?v=ZdOrH50WqEo,14 Kas 2017 - Video Editing & Video Marketing Services tarafından yüklendi
Sources of Data - Web Scraping Example 2 - YouTube,https://www.youtube.com/watch?v=woQ4y4jlRjk,9 Ağu 2016 - Udacity tarafından yüklendi
How to scrape data from various categories of a website ...,https://www.youtube.com/watch?v=V3sHSdF57SA,9 Kas 2018 - sysnucleus tarafından yüklendi
Data scraping from single pages | Octoparse,https://www.octoparse.com/tutorial/single-page-web-scraping-octoparse,14 Mar 2016 - Octoparse tarafından yüklendi
"Automate Data Extraction – Web Scraping, Screen Scraping ...",https://www.youtube.com/watch?v=NwhG7e67sHo,20 Tem 2016 - HelpSystems tarafından yüklendi
Web data scraping is easier than you think ... - YouTube,https://www.youtube.com/watch?v=qDiW78tzQr0,25 Oca 2019 - ScrapeStorm Tutorial tarafından yüklendi
Web Scraping Tutorial - How to Seed your Database with Web ...,https://www.youtube.com/watch?v=_opDs6UPDyo,10 Mar 2017 - Fullstack Academy tarafından yüklendi
Amazon Data Scraping - YouTube,https://www.youtube.com/watch?v=QSTNb_sDbCo,26 Nis 2019 - Pier Paolo Ippolito tarafından yüklendi
Web Scraping - Data Mining #1 - YouTube,https://www.youtube.com/watch?v=wT66i7jeyL8,3 Eki 2014 - Roshan tarafından yüklendi
What is Web Scraping and What is it Used For? | ParseHub,https://www.parsehub.com/blog/what-is-web-scraping/,6 Ağu 2019 - ParseHub tarafından yüklendi
SSAC17: Data Scraping - YouTube,https://www.youtube.com/watch?v=4M570Hapew8,14 Mar 2017 - 42 Analytics tarafından yüklendi
Data Scraping Services | F6S,https://www.f6s.com/datascrapingservices,8 Oca 2017
Creating a horse racing Tableau dashboard from data scraping,https://www.import.io/post/data-scraping-horse-racing/,13 Nis 2018 - craigsdewar tarafından yüklendi
How to Download Web Data Scraper and Scrape Data from ...,https://www.youtube.com/watch?v=6M31hp_Rk1w,27 Haz 2015 - Sonu Pandey tarafından yüklendi
Web scraping: Reliably and efficiently pull data from pages ...,https://www.youtube.com/watch?v=52wxGESwQSA,9 Mar 2012 - Next Day Video tarafından yüklendi
Intro to Web Scraping with Python and Beautiful Soup - YouTube,https://www.youtube.com/watch?v=XQgXKtPSzUI,7 Oca 2017 - Data Science Dojo tarafından yüklendi
Web scraping in Python (Part 1): Getting started - YouTube,https://www.youtube.com/watch?v=r_xb0vF1uMc,11 Ağu 2017 - Data School tarafından yüklendi
Web Data Extraction Automation - UiPath,https://www.uipath.com/developers/video-tutorials/web-data-extraction-automation,6 Eki 2014 - UiPath tarafından yüklendi
Fast Web Scraping With ReactPHP #1: Extracting Data From ...,https://www.youtube.com/watch?v=_XYVP5fdt_0,19 Kas 2018 - Sergey Zhuk tarafından yüklendi
Data scraping from URLs in web pages | Octoparse,https://www.octoparse.com/tutorial/urls-introduction,9 Mar 2016 - Octoparse tarafından yüklendi
What is Data Scraping | Scraping Data From the Web ...,https://teamtreehouse.com/library/what-is-data-scraping,23 Ağu 2018
QVC Can't Stop Web Scraping - Forbes,https://www.forbes.com/sites/ericgoldman/2015/03/24/qvc-cant-stop-web-scraping/,24 Mar 2015
Web Scraping Python Tutorial - Web Scraping using Python ...,https://intellipaat.com/blog/tutorial/python-tutorial/python-web-scraping-tutorial/,4 Ara 2019 - Intellipaat tarafından yüklendi
Data scraping from details of Lists/tables in web pages ...,https://www.octoparse.com/tutorial/list-detail-page-introduction,9 Mar 2016 - Octoparse tarafından yüklendi
Automate Web Data Scraping | HelpSystems,https://www.helpsystems.com/blog/automate-data-web-scraping,3 Nis 2017
Web Scraping Examples: How are Businesses Using Web ...,https://www.parsehub.com/blog/web-scraping-examples/,28 Eki 2019 - ParseHub tarafından yüklendi
Web research and data scraping from website - YouTube,https://www.youtube.com/watch?v=Bw04Z04vpH8,14 Oca 2017 - Arifur Rahman tarafından yüklendi
Data Extraction - Web Scraping Tool & Free Web Crawlers ...,https://www.octoparse.com/DataExtraction,14 Kas 2017 - Octoparse tarafından yüklendi
Web Scraping vs API - Web Data Extraction - Grepsr,https://www.grepsr.com/web-scraping-vs-api/,12 Ara 2013 - grepsr tarafından yüklendi
How to Scrape Websites Without Being Blocked? | Octoparse,https://www.octoparse.com/blog/scrape-websites-without-being-blocked,5 Tem 2019 - Octoparse tarafından yüklendi
Linkedin Data Scraping | Extract Information from LinkedIn ...,https://www.youtube.com/watch?v=beLHp7QlJmQ,20 Mar 2019 - Video Editing & Video Marketing Services tarafından yüklendi
Simple Data Scraping with a Windows VM (on Mac ... - Medium,https://medium.com/@realtoughcandy/simple-data-scraping-with-a-windows-vm-on-mac-mozenda-web-scraper-4933b56277f0,23 Mar 2019 - RealToughCandy tarafından yüklendi
Top 10 Best Web Scraping Tools for Data Extraction in 2019,https://www.scrapestorm.com/tutorial/top-10-best-web-scraping-tools-in-2019-reviews-comparison/,18 Oca 2020 - ScrapeStorm Tutorial tarafından yüklendi
Web scraping services - turn websites into spreadsheets ...,https://www.teoalida.com/database/webscraping/,8 Oca 2019 - Teoalida tarafından yüklendi
Data Harvesting Services – Mozenda,https://www.mozenda.com/services/,2 Mar 2019
A Gentle Introduction to Scraping Data – Advocacy Assembly,https://advocacyassembly.org/en/courses/19/,20 Haz 2017 - Advocacy Assembly tarafından yüklendi
Source Top Talent with HR & Recruitment data through Web ...,https://scrapinghub.com/recruitment-jobs-data,2 Kas 2019
Scrape Octoparse that Requires Login and Load Web Content ...,https://www.octoparse.com/tutorial/how-to-scrape-a-website-that-requires-login-first,25 Nis 2016 - Octoparse tarafından yüklendi
Data scraping from Lists/tables of web pages | Octoparse,https://www.octoparse.com/tutorial/listtable-page-introduction,23 Haz 2016 - Octoparse tarafından yüklendi
How to scrape tweets ? - Twitter data scraping using WebHarvy,https://webharvy.com/whblog/2014/07/15/how-to-scrape-tweets-twitter-data-scraping-using-webharvy/,15 Tem 2014
Data Scraping Services | BetaPage,https://betapage.co/startup/data-scraping-services,27 Şub 2018 - Tonny Raval tarafından yüklendi
5 Anti-Scraping Techniques You May Encounter | Octoparse,https://www.octoparse.com/blog/5-anti-scraping-techniques-you-may-encounter,9 Ağu 2019 - Octoparse tarafından yüklendi
Website Scraping Use Cases from the Fortune 500 – Mozenda,https://www.mozenda.com/website-scraping-use-cases-from-the-fortune-500/,25 Nis 2019 - MozendaSupport tarafından yüklendi
Web Scraping for Lead Generation | Octoparse,https://www.octoparse.com/blog/web-scraping-for-lead-generation,29 Ağu 2017 - Octoparse tarafından yüklendi
Data Scraping Automation Webinar | HelpSystems,https://www.helpsystems.com/resources/on-demand-webinars/automate-data-scraping,24 Şub 2017
How to Scrape Data from a Website on to Excel | ParseHub,https://www.parsehub.com/blog/web-scraping-excel-sheet/,19 Ağu 2019 - ParseHub tarafından yüklendi
Practical Introduction to Web Scraping in R | R-bloggers,https://www.r-bloggers.com/practical-introduction-to-web-scraping-in-r/,10 Nis 2019 - Rsquared Academy tarafından yüklendi
Data Scraping Studio - Point and click screen scraping tool ...,https://www.producthunt.com/posts/data-scraping-studio,18 Oca 2016
Stock Market Analysis using Web Scraping in 2019 | Octoparse,https://www.octoparse.com/blog/stock-market-analysis-using-web-scraping,29 Eyl 2019 - Octoparse tarafından yüklendi
How to scrape Historical Twitter Data using Web Scraper and ...,https://www.scrapehero.com/how-to-scrape-historical-search-data-from-twitter/,24 Eki 2018 - ScrapeHero tarafından yüklendi
Grepsr Concierge | Web Data Scraping Services | Grepsr,https://www.grepsr.com/services/,22 Mar 2017 - grepsr tarafından yüklendi
Data Scraping - MIT Sloan Analytics Conference,http://www.sloansportsconference.com/content/data-scraping/,1 Mar 2017 - 42 Analytics tarafından yüklendi
How To Scrape Web Data – The Basics (Webinar) – Mozenda,https://www.mozenda.com/webinar-video-scrape-web-data-basics/,15 Şub 2018 - MozendaSupport tarafından yüklendi
"COLLECTING DATA USING OCTOPARSE, A FREE WEB ...",https://www.octoparse.com/tutorial/collecting-data-using-octoparse,30 Haz 2016 - Octoparse tarafından yüklendi
Web Scraping | No coding. No custom scripts. No hardware ...,https://www.import.io/web-scraping/,5 Haz 2019 - import.io tarafından yüklendi
Web and Data Extraction- Data scraping from a website into ...,https://www.helpsystems.com/profile/paul-necklen?wchannelid=yt1ex9odqo&wvideoid=pen20lx82a,28 Oca 2020
6 Misunderstandings About Web Scraping - Scraping Authority,http://scrapingauthority.com/web-scraping-misunderstandings,26 Kas 2017 - Scraping Authority tarafından yüklendi
Scraping the web for price comparison data (Mozenda),https://medium.com/@realtoughcandy/scraping-the-web-for-price-comparison-data-mozenda-7beb15b97cd6,22 Mar 2019 - RealToughCandy tarafından yüklendi
How to Scrape News Data from Twitter - Twitter Scraper ...,https://www.scrapestorm.com/tutorial/how-to-scrape-news-data-from-twitter/,17 Oca 2020 - Best Web Scraping Tools tarafından yüklendi
Screen Scraping Any Desktop Application - UiPath,https://www.uipath.com/developers/video-tutorials/screen-scraping-desktop-application,29 Oca 2020 - UiPath tarafından yüklendi
PDF Data Scraping - PDFix.net | Making the PDF World ...,https://pdfix.net/features/pdf-data-scraping/,24 Tem 2018 - Team PDFix tarafından yüklendi
"How to Scrape Reddit Data: Links, Comments, Images and ...",https://www.parsehub.com/blog/scrape-reddit-data/,12 Eyl 2019 - ParseHub tarafından yüklendi
Top 10 best web scraping tools in 2019 (Reviews ... - Medium,https://medium.com/@austinfield77/top-10-best-web-scraping-tools-in-2019-reviews-comparison-6b3216214238,6 Ağu 2019 - Scrapinghub tarafından yüklendi
Web Scraping: How to Get Coronavirus Data (SARS-Cov-2 ...,https://www.octoparse.com/blog/get-real-time-coronavirus-data-sars-cov-2,13 Şub 2020 - Octoparse tarafından yüklendi
4 Important Questions when Scoping your Web Scraping Project,https://www.grepsr.com/4-important-questions-when-scoping-your-web-scraping-project-a5b74d01d260/,21 Kas 2017 - grepsr tarafından yüklendi
Data Scraping in Gavagai Explorer | Gavagai,https://www.gavagai.io/scraping/,24 Oca 2020 - Gavagai tarafından yüklendi
Grepsr for Chrome | The Best Web Scraping Tool Since Kimono,https://www.grepsr.com/chrome-extension/,9 Haz 2016
About Scrapinghub - The World's Leading Web Scraping ...,https://scrapinghub.com/about,21 Kas 2018
Web Scraping - Career Account Web Service - Purdue ...,https://web.ics.purdue.edu/~jinsuh/analyticspractice-webscrape.php,1 Şub 2018 - Jinsuh Lee tarafından yüklendi
About Octoparse | Octoparse,https://www.octoparse.com/blog/what-is-octoparse,15 Mar 2016 - Octoparse tarafından yüklendi
How to Scrape Amazon Product Data | ParseHub,https://www.parsehub.com/blog/scrape-amazon-product-data/,29 Ağu 2019 - ParseHub tarafından yüklendi
What is WEB SCRAPING? What does WEB SCRAPING mean ...,https://www.youtube.com/watch?v=7IUfRVYew-o,20 Oca 2017 - The Audiopedia tarafından yüklendi
How to Extract Data from Facebook | Octoparse,https://www.octoparse.com/tutorial/extract-facebook-data,31 Mar 2016 - Octoparse tarafından yüklendi
Data scraping: How to read all table content from multiple ...,https://intellipaat.com/community/42399/data-scraping-how-to-read-all-table-content-from-multiple-pages-using-next-page,24 Oca 2020 - 1 yanıt
Fast Web Scraping With ReactPHP · @zhukserega,http://sergeyzhuk.me/2018/02/12/fast-webscraping-with-reactphp/,12 Şub 2018 - Sergey Zhuk tarafından yüklendi
Seven tools for web scraping – To use for data journalism ...,https://www.notprovided.eu/7-tools-web-scraping-use-data-journalism-creating-insightful-content/,21 Oca 2014
LinkedIn Scraper | LinkedIn Data Extractor Software Tool,https://scrapingexpert.com/linkedin-scraper/,12 Ağu 2016
PyVideo.org · Introduction to Web (and data!) Scraping with ...,https://pyvideo.org/pycon-us-2014/introduction-to-web-and-data-scraping-with-pyt.html,12 Nis 2014 - PyCon 2014 tarafından yüklendi
How to Scrape Video Information from YouTube - ScrapeStorm,https://www.scrapestorm.com/tutorial/how-to-scrape-video-information-from-youtube/,17 Oca 2020 - Best Web Scraping Tools tarafından yüklendi
Hire Web Scraper | Website Scraper | Web Scraping | Data ...,https://www.gurutechnolabs.com/hire-web-scraper/,28 Mar 2018 - Guru Technolabs tarafından yüklendi
Web scraping: How to use Dexi.io to extract data from ...,https://www.dailymotion.com/video/x4u3jeq,21 Eyl 2016 - Dexi.io tarafından yüklendi
Citrix Automation. OCR Data Extraction - UiPath,https://www.uipath.com/developers/video-tutorials/citrix-automation-ocr-data-extraction,18 Eyl 2014 - UiPath tarafından yüklendi
The Easiest Way to Extract Data from E-Commerce Websites ...,https://www.octoparse.com/blog/the-easiest-way-to-extract-data-from-e-commerce-websites,13 Eyl 2016 - Octoparse tarafından yüklendi
Screen scraping and web scraping for Financial Analysts,http://www.pdftableconverter.com/blog/screen-scraping-in-to-excel-the-financial-analyst-solution/,2 Mar 2015 - Pioneer Ventures tarafından yüklendi
Data Science - Binary Bits,http://binarybits.co/data-science,25 Şub 2018 - Chirag Jakhariya tarafından yüklendi
Screen Scraping That Works For You - UiPath,https://www.uipath.com/blog/screen-scraping-that-works-for-you,5 Kas 2014 - UiPath tarafından yüklendi
Data scraping: A data journalist's best friend | Wits Vuvuzela,https://witsvuvuzela.com/2019/10/29/data-scraping-a-data-journalists-best-friend/,29 Eki 2019 - Wits Vuvuzela tarafından yüklendi
How to Scrape Posts from Facebook- Facebook Scraper ...,https://www.scrapestorm.com/tutorial/how-to-scrape-posts-from-facebook/,17 Oca 2020 - Best Web Scraping Tools tarafından yüklendi
Resources - Flowchart Mode - The first scraping case ...,https://www.scrapestorm.com/tutorial/the-first-scraping-case-in-flowchart-mode/,17 Oca 2020 - ScrapeStorm Tutorial tarafından yüklendi
